comunidad,Dosis entregadas Pfizer (1),Dosis entregadas Moderna (1),Dosis entregadas AstraZeneca (1),Total Dosis entregadas (1),Dosis administradas (2),% sobre entregadas,Nº Personas vacunadas(pauta completada),Fecha de la última vacuna registrada (2)
Andalucía,140295,0,0,140295,25809,0.1839623650165722,0,2021-01-03
Aragón,23715,0,0,23715,2004,0.0845034788108791,0,2021-01-02
Asturias,23720,0,0,23720,9380,0.3954468802698145,0,2021-01-03
Baleares,8940,0,0,8940,153,0.0171140939597315,0,2020-12-28
Canarias,20835,0,0,20835,4846,0.5245020398368131,0,2021-01-03
Cantabria,11850,0,0,11850,304,0.0256540084388185,0,2020-12-30
Castilla y Leon,51390,0,0,51390,10928,0.0942985016540182,0,2021-01-03
Castilla La Mancha,35550,0,0,35550,1983,0.0557805907172995,0,2021-01-03
Cataluña,120545,0,0,120545,8150,0.0676096063710647,0,2021-01-03
C. Valenciana,61225,0,0,61225,3252,0.0531155573703552,0,2021-01-03
Extremadura,21725,0,0,21725,686,0.0315765247410817,0,2021-01-03
Galicia,37555,0,0,37555,9124,0.2429503395020636,0,2021-01-02
La Rioja,5915,0,0,5915,324,0.0547759932375317,0,2020-12-31
Madrid,89040,0,0,89040,2883,0.0323787061994609,0,2021-01-03
Murcia,25685,0,0,25685,442,0.0172084874440334,0,2021-01-04
Navarra,6975,0,0,6975,1583,0.2269534050179211,0,2021-01-04
País Vasco,31605,0,0,31605,396,0.0125296630280018,0,2021-01-02
Ceuta,1005,0,0,1005,380,0.3781094527363184,0,2020-12-31
Melilla,1005,0,0,1005,207,0.2059701492537313,0,2020-12-30
Totales,718575,0,0,718575,82834,0.1152753713947743,0,2021-01-04
Andalucía,140295,0,0,140295,53934,0.3844328023094194,0,2021-01-06
Aragón,23715,0,0,23715,6186,0.2608475648323846,0,2021-01-06
Asturias,23720,0,0,23720,14406,0.6073355817875211,0,2021-01-06
Baleares,12840,0,0,12840,3190,0.2484423676012461,0,2021-01-05
Canarias,27660,0,0,27660,7330,0.2650036153289949,0,2021-01-06
Cantabria,11850,0,0,11850,1564,0.1319831223628692,0,2021-01-07
Castilla y Leon,51390,0,0,51390,22103,0.4301031329052345,0,2021-01-06
Castilla La Mancha,35550,0,0,35550,7666,0.2156399437412095,0,2021-01-06
Cataluña,120545,0,0,120545,24515,0.203368036832718,0,2021-01-06
C. Valenciana,61225,0,0,61225,11677,0.1907227439771335,0,2021-01-07
Extremadura,21725,0,0,21725,3309,0.1523130034522439,0,2021-01-05
Galicia,37555,0,0,37555,20265,0.5396085740913327,0,2021-01-07
La Rioja,5915,0,0,5915,858,0.145054945054945,0,2021-01-06
Madrid,98790,0,0,98790,11337,0.1147585788035226,0,2021-01-07
Murcia,25685,0,0,25685,7287,0.2837064434494841,0,2021-01-07
Navarra,11850,0,0,11850,2960,0.249789029535865,0,2021-01-06
País Vasco,31605,0,0,31605,7734,0.2447081158044613,0,2021-01-06
Ceuta,1005,0,0,1005,576,0.573134328358209,0,2021-01-05
Melilla,1005,0,0,1005,426,0.4238805970149253,0,2021-01-05
Totales,743925,0,0,743925,207323,0.2786880397889572,0,2021-01-07
Andalucía,140295,0,0,140295,69445,0.4949926939662853,0,2021-01-07
Aragón,23715,0,0,23715,9944,0.4193126713050811,0,2021-01-08
Asturias,23720,0,0,23720,17843,0.7522344013490725,0,2021-01-08
Baleares,12840,0,0,12840,4257,0.3315420560747663,0,2021-01-07
Canarias,27660,0,0,27660,9572,0.346059291395517,0,2021-01-08
Cantabria,11850,0,0,11850,2334,0.1969620253164557,0,2021-01-08
Castilla y Leon,51390,0,0,51390,28325,0.551177271842771,0,2021-01-07
Castilla La Mancha,35550,0,0,35550,12380,0.3482419127988748,0,2021-01-07
Cataluña,120545,0,0,120545,38826,0.3220871873574183,0,2021-01-07
C. Valenciana,61225,0,0,61225,15965,0.2607594936708861,0,2021-01-08
Extremadura,21725,0,0,21725,4727,0.2175834292289988,0,2021-01-07
Galicia,37555,0,0,37555,24750,0.6590334176541073,0,2021-01-08
La Rioja,5915,0,0,5915,1674,0.2830092983939137,0,2021-01-08
Madrid,98790,0,0,98790,14152,0.1432533657252758,0,2021-01-08
Murcia,25685,0,0,25685,8958,0.3487638699630134,0,2021-01-08
Navarra,11850,0,0,11850,3703,0.3124894514767932,0,2021-01-07
País Vasco,31605,0,0,31605,9811,0.3104255655750672,0,2021-01-07
Ceuta,1005,0,0,1005,637,0.6338308457711442,0,2021-01-07
Melilla,1005,0,0,1005,673,0.6696517412935323,0,2021-01-08
Totales,743925,0,0,743925,277976,0.373661323386094,0,2021-01-07
Andalucía,140295,0,0,140295,94879,0.6762821198189529,0,2021-01-11
Aragón,23715,0,0,23715,11983,0.505292009276829,0,2021-01-11
Asturias,23720,0,0,23720,22428,0.945531197301855,0,2021-01-12
Baleares,12840,0,0,12840,4835,0.3765576323987539,0,2021-01-11
Canarias,27660,0,0,27660,15328,0.5541576283441794,0,2021-01-12
Cantabria,11850,0,0,11850,9527,0.8039662447257384,0,2021-01-12
Castilla y Leon,51390,0,0,51390,41340,0.804436660828955,0,2021-01-11
Castilla La Mancha,35550,0,0,35550,23342,0.6565963431786217,0,2021-01-12
Cataluña,120545,0,0,120545,82785,0.6867559832427724,0,2021-01-10
C. Valenciana,61225,0,0,61225,57223,0.9346345447121274,0,2021-01-12
Extremadura,21725,0,0,21725,11346,0.5222554660529344,0,2021-01-11
Galicia,37555,0,0,37555,33346,0.88792437757955,0,2021-01-12
La Rioja,5915,0,0,5915,3826,0.6468300929839391,0,2021-01-11
Madrid,98790,0,0,98790,35949,0.3638931065897358,0,2021-01-12
Murcia,25685,0,0,25685,16191,0.6303679190188826,0,2021-01-12
Navarra,11850,0,0,11850,6557,0.5533333333333333,0,2021-01-11
País Vasco,31605,0,0,31605,15393,0.4870431893687708,0,2021-01-11
Ceuta,1005,0,0,1005,758,0.7542288557213931,0,2021-01-11
Melilla,1005,0,0,1005,1005,1.0,0,2021-01-11
Totales,743925,0,0,743925,488041,0.6560352186040259,0,2021-01-12
Andalucía,209520,6800,0,216320,123459,0.570723927514793,0,2021-01-13
Aragón,35415,1200,0,36615,20854,0.5695479994537758,0,2021-01-13
Asturias,35420,1200,0,36620,29074,0.7939377389404697,0,2021-01-14
Baleares,12840,600,0,13440,7552,0.5619047619047619,0,2021-01-13
Canarias,41310,1300,0,42610,25159,0.5904482515841352,0,2021-01-13
Cantabria,17700,500,0,18200,12779,0.7021428571428572,0,2021-01-14
Castilla y Leon,76740,2500,0,79240,57969,0.7315623422513882,0,2021-01-14
Castilla La Mancha,53100,1700,0,54800,30613,0.5586313868613139,0,2021-01-14
Cataluña,180020,5800,0,185820,105587,0.5682219352061134,0,2021-01-13
C. Valenciana,91450,2900,0,94350,80429,0.852453630100689,0,2021-01-14
Extremadura,32450,1000,0,33450,17862,0.5339910313901345,0,2021-01-13
Galicia,56080,1800,0,57880,44014,0.7604353835521769,0,2021-01-14
La Rioja,8840,200,0,9040,5385,0.5956858407079646,0,2021-01-13
Madrid,147540,4700,0,152240,63385,0.4163491854965843,0,2021-01-14
Murcia,38360,1200,0,39560,21739,0.5495197168857432,0,2021-01-14
Navarra,17700,500,0,18200,8314,0.4568131868131868,0,2021-01-13
País Vasco,47205,1400,0,48605,20003,0.4115420224256764,0,2021-01-13
Ceuta,1005,200,0,1205,911,0.7560165975103734,0,2021-01-13
Melilla,1005,200,0,1205,1098,0.9112033195020748,0,2021-01-14
Totales,1103700,35700,0,1139400,676186,0.5934579603299982,0,2021-01-13
Andalucía,209520,6800,0,216320,139718,0.645885724852071,0,2021-01-14
Aragón,35415,1200,0,36615,23619,0.6450634985661614,0,2021-01-14
Asturias,35420,1200,0,36620,31247,0.8532768978700164,0,2021-01-15
Baleares,12840,600,0,13440,9366,0.696875,0,2021-01-14
Canarias,41310,1300,0,42610,30732,0.7212391457404366,0,2021-01-15
Cantabria,17700,500,0,18200,14639,0.8043406593406593,0,2021-01-15
Castilla y Leon,76740,2500,0,79240,59411,0.7497602221100454,0,2021-01-14
Castilla La Mancha,53100,1700,0,54800,33809,0.6169525547445256,0,2021-01-15
Cataluña,180020,5800,0,185820,122577,0.6596545043590571,0,2021-01-14
C. Valenciana,91450,2900,0,94350,86927,0.9213248542660308,0,2021-01-15
Extremadura,32450,1000,0,33450,22322,0.6673243647234679,0,2021-01-14
Galicia,56080,1800,0,57880,49768,0.8598479612992398,0,2021-01-15
La Rioja,8840,200,0,9040,5953,0.6585176991150442,0,2021-01-14
Madrid,147540,4700,0,152240,77921,0.5118300052548608,0,2021-01-15
Murcia,38360,1200,0,39560,27001,0.6825328614762386,0,2021-01-15
Navarra,17700,500,0,18200,9305,0.5112637362637362,0,2021-01-14
País Vasco,47205,1400,0,48605,22464,0.4621746733875115,0,2021-01-14
Ceuta,1005,200,0,1205,941,0.7809128630705394,0,2021-01-14
Melilla,1005,200,0,1205,1230,1.020746887966805,0,2021-01-14
Totales,1103700,35700,0,1139400,768950,0.6748727400386169,0,2021-01-15
Andalucía,209520,6800,0,216320,151404,0.6999075443786982,533,2021-01-17
Aragón,35415,1200,0,36615,25133,0.6864126724020211,0,2021-01-17
Asturias,35420,1200,0,36620,33572,0.9167667941015838,202,2021-01-18
Baleares,16740,600,0,17340,13750,0.792964244521338,155,2021-01-17
Canarias,41310,1300,0,42610,42113,0.9883360713447548,327,2021-01-18
Cantabria,17700,500,0,18200,17724,0.9738461538461538,0,2021-01-16
Castilla y Leon,76740,2500,0,79240,67079,0.8465295305401312,124,2021-01-17
Castilla La Mancha,53100,1700,0,54800,38321,0.6992883211678832,0,2021-01-17
Cataluña,180020,5800,0,185820,145073,0.7807178990420838,167,2021-01-17
C. Valenciana,91450,2900,0,94350,93695,0.993057763645999,152,2021-01-18
Extremadura,32450,1000,0,33450,27613,0.8255007473841555,0,2021-01-17
Galicia,56080,1800,0,57880,56481,0.9758293020041464,150,2021-01-18
La Rioja,8840,200,0,9040,7761,0.8585176991150443,0,2021-01-15
Madrid,147540,4700,0,152240,104490,0.6863504992117709,476,2021-01-18
Murcia,38360,1200,0,39560,34103,0.8620576339737108,0,2021-01-18
Navarra,17700,500,0,18200,11834,0.6502197802197802,0,2021-01-17
País Vasco,47205,1400,0,48605,25526,0.5251723073757844,0,2021-01-17
Ceuta,1005,200,0,1205,981,0.8141078838174274,29,2021-01-17
Melilla,1005,200,0,1205,1289,1.0697095435684647,0,2021-01-15
Totales,1107600,35700,0,1143300,897942,0.7853949094725794,2315,2021-01-18
Andalucía,209520,6800,0,216320,164820,0.761926775147929,1773,2021-01-18
Aragón,35415,1200,0,36615,28316,0.7733442578178342,250,2021-01-18
Asturias,35420,1200,0,36620,34293,0.9364554888039324,1285,2021-01-19
Baleares,16740,600,0,17340,14658,0.8453287197231834,164,2021-01-18
Canarias,41310,1300,0,42610,43209,1.014057732926543,339,2021-01-19
Cantabria,17700,500,0,18200,18967,1.042142857142857,0,2021-01-19
Castilla y Leon,76740,2500,0,79240,70885,0.8945608278647148,432,2021-01-18
Castilla La Mancha,53100,1700,0,54800,43682,0.7971167883211678,189,2021-01-18
Cataluña,180020,5800,0,185820,156627,0.8428963513077171,432,2021-01-18
C. Valenciana,91450,2900,0,94350,95260,1.0096449390567035,588,2021-01-19
Extremadura,32450,1000,0,33450,29125,0.8707025411061285,254,2021-01-18
Galicia,56080,1800,0,57880,57871,0.9998445058742226,1191,2021-01-19
La Rioja,8840,200,0,9040,8049,0.8903761061946903,44,2021-01-18
Madrid,147540,4700,0,152240,120168,0.7893326326852338,719,2021-01-19
Murcia,38360,1200,0,39560,36730,0.9284630940343782,934,2021-01-19
Navarra,17700,500,0,18200,12991,0.7137912087912088,299,2021-01-18
País Vasco,47205,1400,0,48605,28069,0.5774920275691802,390,2021-01-18
Ceuta,1005,200,0,1205,1080,0.8962655601659751,29,2021-01-18
Melilla,1005,200,0,1205,1297,1.0763485477178425,29,2021-01-18
Totales,1107600,35700,0,1143300,966097,0.8450074346190851,9341,2021-01-19
Andalucía,244620,6800,0,251420,174279,0.693178744729934,4568,2021-01-19
Aragón,41265,1200,0,42465,33734,0.79439538443424,623,2021-01-19
Asturias,44195,1200,0,45395,36054,0.7942284392554246,1687,2021-01-19
Baleares,22590,600,0,23190,15697,0.676886589047003,167,2021-01-19
Canarias,46185,1300,0,47485,43599,0.918163630620196,339,2021-01-20
Cantabria,20625,500,0,21125,19473,0.9217988165680472,0,2021-01-20
Castilla y Leon,93315,2500,0,95815,74350,0.7759745342587278,633,2021-01-19
Castilla La Mancha,61875,1700,0,63575,48755,0.7668895005898545,195,2021-01-19
Cataluña,211220,5800,0,217020,162830,0.7502995115657544,913,2021-01-19
C. Valenciana,109000,2900,0,111900,99932,0.893047363717605,1737,2021-01-20
Extremadura,39275,1000,0,40275,30941,0.7682433271260087,254,2021-01-19
Galicia,66805,1800,0,68605,59104,0.8615115516361781,1197,2021-01-19
La Rioja,11765,200,0,11965,8335,0.6966151274550773,44,2021-01-19
Madrid,171915,4700,0,176615,129194,0.7315007219092377,812,2021-01-19
Murcia,45185,1200,0,46385,39142,0.8438503826668103,1522,2021-01-20
Navarra,20625,500,0,21125,14559,0.6891834319526627,503,2021-01-19
País Vasco,55980,1400,0,57380,33523,0.5842279539909376,390,2021-01-19
Ceuta,1980,200,0,2180,1110,0.5091743119266054,29,2021-01-19
Melilla,1980,200,0,2180,1326,0.6082568807339449,29,2021-01-18
Totales,1310400,35700,0,1346100,1025937,0.7621551147760196,15642,2021-01-20
Andalucía,244620,6800,0,251420,194101,0.7720189324636068,15193,2021-01-20
Aragón,41265,1200,0,42465,38170,0.8988578829624396,1731,2021-01-21
Asturias,44195,1200,0,45395,40011,0.8813966295847561,5664,2021-01-21
Baleares,22590,600,0,23190,18105,0.7807244501940491,1514,2021-01-20
Canarias,46185,1300,0,47485,45482,0.9578182583973888,1744,2021-01-20
Cantabria,20625,500,0,21125,19980,0.9457988165680472,241,2021-01-20
Castilla y Leon,93315,2500,0,95815,82162,0.8575066534467464,5296,2021-01-20
Castilla La Mancha,61875,1700,0,63575,53880,0.8475029492725128,1202,2021-01-20
Cataluña,211220,5800,0,217020,168054,0.774371025711916,2598,2021-01-20
C. Valenciana,109000,2900,0,111900,101437,0.906496872207328,2956,2021-01-20
Extremadura,39275,1000,0,40275,32039,0.7955058969584109,638,2021-01-20
Galicia,66805,1800,0,68605,62011,0.9038845565192042,3861,2021-01-20
La Rioja,11765,200,0,11965,8684,0.7257835353113247,267,2021-01-21
Madrid,171915,4700,0,176615,142765,0.808340174956827,1738,2021-01-20
Murcia,45185,1200,0,46385,40757,0.878667672739032,1784,2021-01-21
Navarra,20625,500,0,21125,15754,0.7457514792899408,767,2021-01-20
País Vasco,55980,1400,0,57380,36864,0.6424538166608574,1333,2021-01-20
Ceuta,1980,200,0,2180,1545,0.7087155963302753,326,2021-01-20
Melilla,1980,200,0,2180,1500,0.6880733944954128,203,2021-01-20
Totales,1310400,35700,0,1346100,1103301,0.819627813683976,49056,2021-01-21
Andalucía,244620,6800,0,251420,209766,0.8343250338079707,20846,2021-01-21
Aragón,41265,1200,0,42465,41287,0.9722595078299776,2165,2021-01-21
Asturias,44195,1200,0,45395,41465,0.9134265888313692,6851,2021-01-22
Baleares,22590,600,0,23190,20499,0.8839586028460543,2660,2021-01-21
Canarias,46185,1300,0,47485,47068,0.9912182794566704,2865,2021-01-21
Cantabria,20625,500,0,21125,20462,0.9686153846153848,241,2021-01-21
Castilla y Leon,93315,2500,0,95815,86370,0.9014246203621562,6060,2021-01-21
Castilla La Mancha,61875,1700,0,63575,57031,0.8970664569406213,1593,2021-01-21
Cataluña,211220,5800,0,217020,173147,0.7978389088563266,4101,2021-01-21
C. Valenciana,109000,2900,0,111900,103426,0.924271671134942,4139,2021-01-21
Extremadura,39275,1000,0,40275,32979,0.8188454376163873,638,2021-01-21
Galicia,66805,1800,0,68605,65394,0.953195831207638,7204,2021-01-21
La Rioja,11765,200,0,11965,8967,0.7494358545758463,317,2021-01-21
Madrid,171915,4700,0,176615,154778,0.8763581802225179,2263,2021-01-21
Murcia,45185,1200,0,46385,42261,0.9110919478279615,2086,2021-01-22
Navarra,20625,500,0,21125,16310,0.7720710059171597,807,2021-01-21
País Vasco,55980,1400,0,57380,41474,0.7227953990937609,3044,2021-01-21
Ceuta,1980,200,0,2180,1641,0.7527522935779817,373,2021-01-21
Melilla,1980,200,0,2180,1500,0.6880733944954128,203,2021-01-20
Totales,1310400,35700,0,1346100,1165825,0.8660760716142931,68456,2021-01-22
Andalucía,244620,6800,0,251420,226309,0.9001232996579429,25516,2021-01-24
Aragón,41265,1200,0,42465,42539,1.0017426115624632,2222,2021-01-24
Asturias,44195,1200,0,45395,43926,0.9676396078863312,9030,2021-01-22
Baleares,22590,600,0,23190,22083,0.9522639068564036,2713,2021-01-23
Canarias,46185,1300,0,47485,50110,1.0552806149310308,3993,2021-01-24
Cantabria,20625,500,0,21125,20463,0.9686627218934912,241,2021-01-23
Castilla y Leon,93315,2500,0,95815,94057,0.9816521421489328,9593,2021-01-24
Castilla La Mancha,61875,1700,0,63575,61388,0.965599685410932,2008,2021-01-24
Cataluña,211220,5800,0,217020,184778,0.8514330476453783,7472,2021-01-24
C. Valenciana,109000,2900,0,111900,104449,0.933413762287757,4532,2021-01-23
Extremadura,39275,1000,0,40275,33125,0.8224705152079453,638,2021-01-23
Galicia,66805,1800,0,68605,66873,0.9747540266744408,8602,2021-01-23
La Rioja,11765,200,0,11965,9166,0.7660676974508984,317,2021-01-22
Madrid,171915,4700,0,176615,165514,0.9371457690456644,2634,2021-01-24
Murcia,45185,1200,0,46385,46444,1.0012719629190472,4447,2021-01-24
Navarra,20625,500,0,21125,17053,0.8072426035502959,809,2021-01-22
País Vasco,55980,1400,0,57380,46124,0.8038340885325898,3355,2021-01-23
Ceuta,1980,200,0,2180,1692,0.7761467889908257,373,2021-01-21
Melilla,1980,200,0,2180,1500,0.6880733944954128,203,2021-01-20
Totales,1310400,35700,0,1346100,1237593,0.9193915756630264,88698,2021-01-24
Andalucía,244620,6800,0,251420,251172,0.9990136027364568,37978,2021-01-25
Aragón,41265,1200,0,42465,43531,1.025103026021429,2945,2021-01-25
Asturias,44195,1200,0,45395,44087,0.9711862539927304,10694,2021-01-25
Baleares,22590,600,0,23190,22372,0.9647261750754637,2879,2021-01-25
Canarias,46185,1300,0,47485,52768,1.1112561861640518,5149,2021-01-25
Cantabria,20625,500,0,21125,20743,0.9819171597633136,300,2021-01-23
Castilla y Leon,93315,2500,0,95815,99536,1.0388352554401712,13245,2021-01-25
Castilla La Mancha,61875,1700,0,63575,64349,1.012174596932757,3623,2021-01-25
Cataluña,211220,5800,0,217020,182713,0.841917795594876,9620,2021-01-25
C. Valenciana,109000,2900,0,111900,105490,0.9427167113494191,5393,2021-01-25
Extremadura,39275,1000,0,40275,35441,0.8799751707014277,1721,2021-01-25
Galicia,66805,1800,0,68605,70384,1.025931054587858,12042,2021-01-25
La Rioja,11765,200,0,11965,9387,0.7845382365231927,455,2021-01-25
Madrid,171915,4700,0,176615,169501,0.9597202955581348,4073,2021-01-25
Murcia,45185,1200,0,46385,48652,1.0488735582623694,5829,2021-01-25
Navarra,20625,500,0,21125,18703,0.8853491124260355,1757,2021-01-25
País Vasco,55980,1400,0,57380,48927,0.8526838619728129,5159,2021-01-25
Ceuta,1980,200,0,2180,1829,0.8389908256880734,503,2021-01-25
Melilla,1980,200,0,2180,1631,0.748165137614679,332,2021-01-25
Totales,1310400,35700,0,1346100,1291216,0.9592273976673352,123697,2021-01-25
Andalucía,324180,6800,0,330980,257976,0.7794307813160916,50951,2021-01-26
Aragón,55305,1200,0,56505,47835,0.8465622511282187,5860,2021-01-26
Asturias,58235,1200,0,59435,49077,0.8257255825691933,13727,2021-01-26
Baleares,29610,600,0,30210,23603,0.7812975835815955,3114,2021-01-26
Canarias,64320,1300,0,65620,54653,0.8328710758914964,6434,2021-01-26
Cantabria,27645,500,0,28145,20910,0.7429383549475929,300,2021-01-26
Castilla y Leon,121395,2500,0,123895,104197,0.8410105331127165,18756,2021-01-26
Castilla La Mancha,82935,1700,0,84635,68522,0.8096177704259467,6982,2021-01-26
Cataluña,280250,5800,0,286050,201650,0.7049466876420206,18426,2021-01-26
C. Valenciana,142930,2900,0,145830,108454,0.7437015703216073,7304,2021-01-26
Extremadura,50975,1000,0,51975,37790,0.7270803270803271,3134,2021-01-26
Galicia,87865,1800,0,89665,72676,0.8105280767300508,14235,2021-01-26
La Rioja,14105,200,0,14305,9618,0.6723523243621111,684,2021-01-26
Madrid,228075,4700,0,232775,174094,0.7479067769305123,5611,2021-01-26
Murcia,59225,1200,0,60425,50957,0.8433098882912702,7453,2021-01-26
Navarra,27645,500,0,28145,20057,0.7126310179427963,2541,2021-01-26
País Vasco,74700,1400,0,76100,50850,0.6681997371879106,6637,2021-01-26
Ceuta,1980,200,0,2180,1829,0.8389908256880734,503,2021-01-25
Melilla,1980,200,0,2180,1713,0.7857798165137615,414,2021-01-26
Totales,1733355,35700,0,1769055,1356461,0.7667715249101922,173066,2021-01-26
Andalucía,324180,6800,0,330980,265620,0.8025258323765786,55004,2021-01-27
Aragón,55305,1200,0,56505,49453,0.8751968852313955,6806,2021-01-27
Asturias,58235,1200,0,59435,49857,0.8388491629511231,14080,2021-01-27
Baleares,29610,600,0,30210,23540,0.7792121813968884,3295,2021-01-27
Canarias,64320,1300,0,65620,56385,0.8592654678451691,6864,2021-01-27
Cantabria,27645,500,0,28145,21469,0.7627997868182625,782,2021-01-27
Castilla y Leon,121395,2500,0,123895,108203,0.8733443641793455,19658,2021-01-27
Castilla La Mancha,82935,1700,0,84635,71484,0.8446151119513203,7628,2021-01-27
Cataluña,280250,5800,0,286050,208177,0.7277643768571928,23262,2021-01-27
C. Valenciana,142930,2900,0,145830,109716,0.7523554824110266,8948,2021-01-27
Extremadura,50975,1000,0,51975,39821,0.7661568061568061,3135,2021-01-27
Galicia,87865,1800,0,89665,74278,0.8283945798249038,15827,2021-01-27
La Rioja,14105,200,0,14305,10283,0.7188395665851101,1084,2021-01-27
Madrid,228075,4700,0,232775,177972,0.7645666416067017,6987,2021-01-27
Murcia,59225,1200,0,60425,53447,0.8845179975175838,8713,2021-01-27
Navarra,27645,500,0,28145,21007,0.7463847930360632,2797,2021-01-27
País Vasco,74700,1400,0,76100,51436,0.6759001314060447,6906,2021-01-27
Ceuta,1980,200,0,2180,1757,0.8059633027522936,569,2021-01-26
Melilla,1980,200,0,2180,1713,0.7857798165137615,414,2021-01-26
Totales,1733355,35700,0,1769055,1395618,0.7889059413076474,192759,2021-01-27
Andalucía,324180,6800,0,330980,282995,0.8550214514472173,67511,2021-01-28
Aragón,55305,1200,0,56505,53937,0.9545526944518185,9752,2021-01-28
Asturias,58235,1200,0,59435,52919,0.8903676285017246,16266,2021-01-28
Baleares,29610,600,0,30210,25041,0.8288977159880834,4369,2021-01-28
Canarias,64320,1300,0,65620,60180,0.917098445595855,8772,2021-01-28
Cantabria,27645,500,0,28145,21641,0.7689109966246225,924,2021-01-28
Castilla y Leon,121395,2500,0,123895,114743,0.9261309980225192,25020,2021-01-28
Castilla La Mancha,82935,1700,0,84635,77765,0.9188279080758552,12486,2021-01-28
Cataluña,280250,5800,0,286050,222572,0.7780877468973956,35424,2021-01-28
C. Valenciana,142930,2900,0,145830,112272,0.7698827401769184,11317,2021-01-28
Extremadura,50975,1000,0,51975,41961,0.8073304473304473,4460,2021-01-28
Galicia,87865,1800,0,89665,78772,0.878514470529192,20268,2021-01-28
La Rioja,14105,200,0,14305,10820,0.7563788885005243,1592,2021-01-28
Madrid,228075,4700,0,232775,183458,0.7881344646117495,10595,2021-01-28
Murcia,59225,1200,0,60425,55082,0.9115763342987174,9264,2021-01-28
Navarra,27645,500,0,28145,22430,0.79694439509682,3535,2021-01-28
País Vasco,74700,1400,0,76100,53839,0.7074770039421814,9052,2021-01-28
Ceuta,1980,200,0,2180,1828,0.8385321100917431,628,2021-01-28
Melilla,1980,200,0,2180,1934,0.8871559633027523,631,2021-01-28
Totales,1733355,35700,0,1769055,1474189,0.8333200494049082,251866,2021-01-28
Andalucía,324180,6800,0,330980,299792,0.9057707414345276,78640,2021-01-31
Aragón,55305,1200,0,56505,55292,0.9785328731970622,10364,2021-01-31
Asturias,58235,1200,0,59435,58112,0.9777403886598806,19475,2021-01-31
Baleares,29610,600,0,30210,25559,0.8460443561734525,4782,2021-01-30
Canarias,64320,1300,0,65620,64475,0.9825510515086864,11501,2021-01-31
Cantabria,27645,500,0,28145,23626,0.8394386214247647,2737,2021-01-30
Castilla y Leon,121395,2500,0,123895,124225,1.0026635457443802,34446,2021-01-31
Castilla La Mancha,82935,1700,0,84635,84605,0.9996455367164884,17460,2021-01-31
Cataluña,280250,5800,0,286050,256555,0.8968886558294005,60676,2021-01-31
C. Valenciana,142930,2900,0,145830,136109,0.9333401906329288,33395,2021-01-31
Extremadura,50975,1000,0,51975,47342,0.9108609908609908,8646,2021-01-31
Galicia,87865,1800,0,89665,85718,0.9559805944348408,27098,2021-01-31
La Rioja,14105,200,0,14305,11790,0.82418734708144,2490,2021-01-31
Madrid,228075,4700,0,232775,190943,0.8202899795940286,15837,2021-01-31
Murcia,59225,1200,0,60425,58737,0.9720645428216798,11293,2021-01-31
Navarra,27645,500,0,28145,25116,0.892378752886836,5281,2021-01-31
País Vasco,74700,1400,0,76100,57262,0.7524572930354796,12277,2021-01-31
Ceuta,1980,200,0,2180,1890,0.8669724770642202,688,2021-01-29
Melilla,1980,200,0,2180,2113,0.9692660550458716,806,2021-01-29
Totales,1733355,35700,0,1769055,1609261,0.909672678350871,357892,2021-01-31
Andalucía,324180,6800,0,330980,313286,0.9465405764698772,90764,2021-02-01
Aragón,55305,1200,0,56505,56482,0.999592956375542,11119,2021-02-01
Asturias,58235,1200,0,59435,58177,0.9788340203583747,19503,2021-02-01
Baleares,29610,600,0,30210,25963,0.8594174114531612,5026,2021-02-01
Canarias,64320,1300,0,65620,67783,1.0329625114294425,14647,2021-02-01
Cantabria,27645,500,0,28145,25067,0.8906377686978149,4261,2021-02-01
Castilla y Leon,121395,2500,0,123895,126362,1.019912022276928,35051,2021-02-01
Castilla La Mancha,82935,1700,0,84635,88888,1.050251078159154,21360,2021-02-01
Cataluña,280250,5800,0,286050,261562,0.9143925887082678,69431,2021-02-01
C. Valenciana,142930,2900,0,145830,147945,1.014503188644312,44979,2021-02-01
Extremadura,50975,1000,0,51975,49703,0.9562866762866764,10776,2021-02-01
Galicia,87865,1800,0,89665,87736,0.9784865889700552,29065,2021-02-01
La Rioja,14105,200,0,14305,13215,0.9238028661307236,3478,2021-02-01
Madrid,228075,4700,0,232775,199495,0.8570293201589517,24312,2021-02-01
Murcia,59225,1200,0,60425,60731,1.0050641290856437,12580,2021-02-01
Navarra,27645,500,0,28145,26779,0.9514656244448392,6320,2021-02-01
País Vasco,74700,1400,0,76100,59582,0.7829434954007884,14059,2021-02-01
Ceuta,1980,200,0,2180,1950,0.8944954128440367,748,2021-02-01
Melilla,1980,200,0,2180,2348,1.077064220183486,1040,2021-02-01
Totales,1733355,35700,0,1769055,1673054,0.9457331739261924,418519,2021-02-01
Andalucía,400230,16600,0,416830,329258,0.7899095554542619,104529,2021-02-02
Aragón,68175,2900,0,71075,61036,0.8587548364403799,15157,2021-02-02
Asturias,69935,2900,0,72835,61483,0.8441408663417314,22227,2021-02-02
Baleares,35460,1500,0,36960,26240,0.70995670995671,5262,2021-02-02
Canarias,79530,3200,0,82730,70794,0.8557234376888674,17129,2021-02-02
Cantabria,33495,1300,0,34795,26718,0.7678689466877425,5861,2021-02-02
Castilla y Leon,149475,6200,0,155675,132496,0.851106471816284,40565,2021-02-02
Castilla La Mancha,101655,4200,0,105855,92702,0.8757451230456756,24525,2021-02-02
Cataluña,345770,14300,0,360070,273724,0.7601966284333602,80387,2021-02-02
C. Valenciana,175690,7000,0,182690,162563,0.8898297662707318,58452,2021-02-02
Extremadura,62675,2500,0,65175,52880,0.8113540467970848,13202,2021-02-02
Galicia,108925,4500,0,113425,90643,0.7991448093453825,31725,2021-02-02
La Rioja,17615,600,0,18215,14118,0.7750754872357947,4301,2021-02-02
Madrid,280725,11600,0,292325,211857,0.7247310356623621,35902,2021-02-02
Murcia,73265,3000,0,76265,63008,0.8261719006097161,14117,2021-02-02
Navarra,33495,1300,0,34795,28199,0.8104325334099727,7148,2021-02-02
País Vasco,91080,3600,0,94680,62679,0.6620088719898606,16621,2021-02-02
Ceuta,1980,200,0,2180,2008,0.9211009174311928,806,2021-02-02
Melilla,1980,200,0,2180,2372,1.0880733944954128,1062,2021-02-02
Totales,2131155,87600,0,2218755,1764778,0.7953911089777825,498978,2021-02-02
Andalucía,400230,16600,0,416830,345648,0.8292301417844206,117953,2021-02-03
Aragón,68175,2900,0,71075,65979,0.9283010903974674,19535,2021-02-03
Asturias,69935,2900,0,72835,65301,0.8965607194343379,25710,2021-02-03
Baleares,35460,1500,0,36960,29366,0.794534632034632,7929,2021-02-03
Canarias,79530,3200,0,82730,75334,0.9106007494258432,20260,2021-02-03
Cantabria,33495,1300,0,34795,27989,0.804397183503377,7122,2021-02-03
Castilla y Leon,149475,6200,0,155675,138856,0.8919608158021519,45682,2021-02-03
Castilla La Mancha,101655,4200,0,105855,97353,0.9196825846677058,27691,2021-02-03
Cataluña,345770,14300,0,360070,285829,0.7938150915099842,91724,2021-02-03
C. Valenciana,175690,7000,0,182690,172754,0.945612786687832,67840,2021-02-03
Extremadura,62675,2500,0,65175,56839,0.8720981971614883,16996,2021-02-03
Galicia,108925,4500,0,113425,96650,0.8521049151421645,37572,2021-02-03
La Rioja,17615,600,0,18215,15374,0.8440296458962394,5433,2021-02-03
Madrid,280725,11600,0,292325,226074,0.773365261267425,49470,2021-02-03
Murcia,73265,3000,0,76265,66361,0.870137022225136,16462,2021-02-03
Navarra,33495,1300,0,34795,29954,0.8608708147722374,8008,2021-02-03
País Vasco,91080,3600,0,94680,65194,0.6885720321081538,18773,2021-02-03
Ceuta,1980,200,0,2180,2104,0.9651376146788992,895,2021-02-03
Melilla,1980,200,0,2180,2383,1.093119266055046,1067,2021-02-03
Totales,2131155,87600,0,2218755,1865342,0.8407156265563345,586122,2021-02-03
Andalucía,400230,16600,0,416830,363482,0.8720149701317084,131693,2021-02-04
Aragón,68175,2900,0,71075,72656,1.0222441083362646,23488,2021-02-04
Asturias,69935,2900,0,72835,68626,0.9422118486991145,28740,2021-02-04
Baleares,35460,1500,0,36960,31496,0.8521645021645021,9922,2021-02-04
Canarias,79530,3200,0,82730,79839,0.965054998186873,24049,2021-02-04
Cantabria,33495,1300,0,34795,29864,0.8582842362408392,8806,2021-02-04
Castilla y Leon,149475,6200,0,155675,151008,0.9700208768267224,56665,2021-02-04
Castilla La Mancha,101655,4200,0,105855,102033,0.9638940059515376,30345,2021-02-04
Cataluña,345770,14300,0,360070,308695,0.8573194101146999,107877,2021-02-04
C. Valenciana,175690,7000,0,182690,182225,0.9974547046910066,75577,2021-02-04
Extremadura,62675,2500,0,65175,61952,0.9505485232067512,21662,2021-02-04
Galicia,108925,4500,0,113425,96947,0.8547233854970244,37720,2021-02-04
La Rioja,17615,600,0,18215,16622,0.9125446060938788,6521,2021-02-04
Madrid,280725,11600,0,292325,246003,0.8415393825365604,67334,2021-02-04
Murcia,73265,3000,0,76265,72359,0.948783845800826,20388,2021-02-04
Navarra,33495,1300,0,34795,31446,0.9037505388705274,9016,2021-02-04
País Vasco,91080,3600,0,94680,68359,0.7220004224757076,21112,2021-02-04
Ceuta,1980,200,0,2180,2156,0.9889908256880734,921,2021-02-04
Melilla,1980,200,0,2180,2392,1.0972477064220183,1073,2021-02-04
Totales,2131155,87600,0,2218755,1988160,0.8960700933631699,682909,2021-02-04
Andalucía,400230,16600,0,416830,378943,0.909106830122592,143552,2021-02-07
Aragón,68175,2900,0,71075,74650,1.0502989799507565,24380,2021-02-07
Asturias,69935,2900,0,72835,71784,0.9855701242534496,31467,2021-02-07
Baleares,35460,1500,0,36960,35683,0.9654491341991344,13430,2021-02-07
Canarias,79530,3200,0,82730,84330,1.0193400217575246,28158,2021-02-07
Cantabria,33495,1300,0,34795,34215,0.9833309383532116,12427,2021-02-07
Castilla y Leon,149475,6200,0,155675,161020,1.034334350409507,62928,2021-02-07
Castilla La Mancha,101655,4200,0,105855,104988,0.9918095508006236,32129,2021-02-07
Cataluña,345770,14300,0,360070,317222,0.8810009164884606,120742,2021-02-07
C. Valenciana,175690,7000,0,182690,190902,1.0449504625321584,83171,2021-02-07
Extremadura,62675,2500,0,65175,68006,1.0434369006520905,26605,2021-02-07
Galicia,108925,4500,0,113425,110996,0.9785849680405554,51424,2021-02-07
La Rioja,17615,600,0,18215,17803,0.977381279165523,7561,2021-02-07
Madrid,280725,11600,0,292325,266831,0.9127888480287352,86645,2021-02-07
Murcia,73265,3000,0,76265,75792,0.9937979413885792,24312,2021-02-07
Navarra,33495,1300,0,34795,34273,0.9849978445178904,11439,2021-02-07
País Vasco,91080,3600,0,94680,72979,0.7707963667089143,24002,2021-02-07
Ceuta,1980,200,0,2180,2218,1.0174311926605504,964,2021-02-07
Melilla,1980,200,0,2180,2398,1.1,1071,2021-02-07
Totales,2131155,87600,0,2218755,2105033,0.9487451295884404,786407,2021-02-07
Andalucía,400230,16600,34500,451330,390077,0.8642833403496333,151577,2021-02-08
Aragón,68175,2900,5400,76475,75586,0.98837528604119,25222,2021-02-08
Asturias,69935,2900,4200,77035,72787,0.9448562341792692,31944,2021-02-08
Baleares,35460,1500,4800,41760,36655,0.8777538314176245,14072,2021-02-08
Canarias,79530,3200,8900,91630,85250,0.9303721488595438,29047,2021-02-08
Cantabria,33495,1300,2400,37195,35347,0.9503159026750908,13470,2021-02-08
Castilla y Leon,149475,6200,9800,165475,161781,0.9776763861610516,64568,2021-02-08
Castilla La Mancha,101655,4200,8300,114155,106646,0.9342210152862336,33207,2021-02-08
Cataluña,345770,14300,31800,391870,328789,0.8390256972975731,129651,2021-02-08
C. Valenciana,175690,7000,20600,203290,196489,0.9665453293324808,87353,2021-02-08
Extremadura,62675,2500,4300,69475,69271,0.9970636919755308,27390,2021-02-08
Galicia,108925,4500,11000,124425,114111,0.9171066907775768,54504,2021-02-08
La Rioja,17615,600,1300,19515,18324,0.9389700230591852,7777,2021-02-08
Madrid,280725,11600,27700,320025,282690,0.8833372392781814,102204,2021-02-08
Murcia,73265,3000,6200,82465,77602,0.941029527678409,25944,2021-02-08
Navarra,33495,1300,2700,37495,35585,0.9490598746499532,12509,2021-02-08
País Vasco,91080,3600,9100,103780,75634,0.7287916746964733,26299,2021-02-08
Ceuta,1980,200,400,2580,2218,0.8596899224806202,964,2021-02-08
Melilla,1980,200,400,2580,2399,0.92984496124031,1080,2021-02-08
Totales,2131155,87600,193800,2412555,2167241,0.8983177585588722,838782,2021-02-08
Andalucía,475110,36300,34500,545910,401714,0.7358612225458409,159969,2021-02-09
Aragón,81045,6300,5400,92745,80211,0.8648552482613618,29343,2021-02-09
Asturias,83975,6300,4200,94475,75118,0.7951098174120138,32296,2021-02-09
Baleares,42480,3200,4800,50480,37685,0.7465332805071315,14564,2021-02-09
Canarias,93570,7000,8900,109470,86467,0.7898693706038183,29967,2021-02-09
Cantabria,39345,2900,2400,44645,36320,0.8135289506103707,14393,2021-02-09
Castilla y Leon,177555,13500,9800,200855,168030,0.8365736476562694,69345,2021-02-09
Castilla La Mancha,120375,9200,8300,137875,109636,0.795184043517679,35531,2021-02-09
Cataluña,410120,31400,31800,473320,340729,0.719870278036001,138400,2021-02-09
C. Valenciana,207280,15700,20600,243580,201983,0.8292265374825519,89522,2021-02-09
Extremadura,74375,5400,4300,84075,71334,0.8484567350579839,28790,2021-02-09
Galicia,128815,9800,11000,149615,114462,0.7650436119373057,54604,2021-02-09
La Rioja,19955,1400,1300,22655,18970,0.8373427499448245,7997,2021-02-09
Madrid,333375,25400,27700,386475,294615,0.7623132156025616,115535,2021-02-09
Murcia,87305,6600,6200,100105,78988,0.7890514959292743,27799,2021-02-09
Navarra,39345,2900,2700,44945,36677,0.8160418289019913,13286,2021-02-09
País Vasco,107460,7900,9100,124460,75634,0.6076972521291981,26299,2021-02-09
Ceuta,4320,400,400,5120,2277,0.4447265625,963,2021-02-08
Melilla,3150,400,400,3950,2399,0.6073417721518988,1080,2021-02-08
Totales,2528955,192000,193800,2914755,2233249,0.7661875526416457,889683,2021-02-09
Andalucía,475110,36300,34500,545910,415015,0.760226044586104,168087,2021-02-10
Aragón,81045,6300,5400,92745,84487,0.9109601595773356,32986,2021-02-10
Asturias,83975,6300,4200,94475,77168,0.8168086795448531,32706,2021-02-10
Baleares,42480,3200,4800,50480,38969,0.7719690966719492,15576,2021-02-10
Canarias,93570,7000,8900,109470,86467,0.7898693706038183,29967,2021-02-09
Cantabria,39345,2900,2400,44645,38217,0.8560197110538694,16259,2021-02-10
Castilla y Leon,177555,13500,9800,200855,172686,0.8597545493017351,72444,2021-02-10
Castilla La Mancha,120375,9200,8300,137875,113637,0.8242030825022666,38191,2021-02-10
Cataluña,410120,31400,31800,473320,357875,0.7560952421194963,146079,2021-02-10
C. Valenciana,207280,15700,20600,243580,208242,0.8549224074226127,90760,2021-02-10
Extremadura,74375,5400,4300,84075,73439,0.8734939042521558,29776,2021-02-10
Galicia,128815,9800,11000,149615,117783,0.7872405841660262,55082,2021-02-10
La Rioja,19955,1400,1300,22655,19428,0.8575590377400133,8129,2021-02-10
Madrid,333375,25400,27700,386475,308047,0.797068374409729,128570,2021-02-10
Murcia,87305,6600,6200,100105,81470,0.8138454622646222,29721,2021-02-10
Navarra,39345,2900,2700,44945,38016,0.8458337968628323,14003,2021-02-10
País Vasco,107460,7900,9100,124460,84459,0.6786035674112164,32897,2021-02-10
Ceuta,4320,400,400,5120,2559,0.4998046875,963,2021-02-10
Melilla,3150,400,400,3950,2543,0.6437974683544304,1082,2021-02-10
Totales,2528955,192000,193800,2914755,2320507,0.7961242025487563,943278,2021-02-10
Andalucía,475110,36300,34500,545910,431642,0.7906834459892657,176731,2021-02-11
Aragón,81045,6300,5400,92745,88297,0.9520405412690712,35659,2021-02-11
Asturias,83975,6300,4200,94475,78446,0.8303360677427891,32946,2021-02-11
Baleares,42480,3200,4800,50480,40624,0.8047543581616482,16683,2021-02-11
Canarias,93570,7000,8900,109470,99316,0.9072439937882524,40779,2021-02-11
Cantabria,39345,2900,2400,44645,39707,0.8893941090827641,17478,2021-02-11
Castilla y Leon,177555,13500,9800,200855,178831,0.8903487590550397,75433,2021-02-11
Castilla La Mancha,120375,9200,8300,137875,117671,0.8534614687216682,41690,2021-02-11
Cataluña,410120,31400,31800,473320,376519,0.7954850840868757,152091,2021-02-11
C. Valenciana,207280,15700,20600,243580,214010,0.8786025125215535,92433,2021-02-11
Extremadura,74375,5400,4300,84075,75603,0.8992328278322926,30501,2021-02-11
Galicia,128815,9800,11000,149615,124733,0.8336931457407345,55187,2021-02-11
La Rioja,19955,1400,1300,22655,19968,0.8813948355771353,8365,2021-02-11
Madrid,333375,25400,27700,386475,319144,0.8257817452616599,139553,2021-02-11
Murcia,87305,6600,6200,100105,84111,0.8402277608511063,32249,2021-02-11
Navarra,39345,2900,2700,44945,39196,0.8720881076871733,14536,2021-02-11
País Vasco,107460,7900,9100,124460,89883,0.7221838341635867,36125,2021-02-11
Ceuta,4320,400,400,5120,2697,0.5267578125,963,2021-02-11
Melilla,3150,400,400,3950,2647,0.670126582278481,1083,2021-02-11
Totales,2528955,192000,193800,2914755,2423045,0.8313031455473959,1000485,2021-02-11
Andalucía,475110,36300,34500,545910,457018,0.8371672986389698,190867,2021-02-14
Aragón,81045,6300,5400,92745,91343,0.9848832821176344,36979,2021-02-13
Asturias,83975,6300,4200,94475,80484,0.8519079121460704,33466,2021-02-13
Baleares,42480,3200,4800,50480,43862,0.8688985736925515,18653,2021-02-13
Canarias,93570,7000,8900,109470,104706,0.9564812277336256,43371,2021-02-14
Cantabria,39345,2900,2400,44645,42494,0.9518199126441932,18916,2021-02-13
Castilla y Leon,177555,13500,9800,200855,186398,0.9280227029449104,78271,2021-02-14
Castilla La Mancha,120375,9200,8300,137875,125951,0.9135158658204896,49378,2021-02-14
Cataluña,410120,31400,31800,473320,402742,0.8508873489394068,162003,2021-02-14
C. Valenciana,207280,15700,20600,243580,219822,0.9024632564249938,94255,2021-02-14
Extremadura,74375,5400,4300,84075,78038,0.928195063931014,31116,2021-02-14
Galicia,128815,9800,11000,149615,134518,0.8990943421448384,55343,2021-02-14
La Rioja,19955,1400,1300,22655,21095,0.9311410284705364,8449,2021-02-13
Madrid,333375,25400,27700,386475,338333,0.8754330810531082,152696,2021-02-14
Murcia,87305,6600,6200,100105,90378,0.9028320263723092,37453,2021-02-14
Navarra,39345,2900,2700,44945,40295,0.8965402158193347,15344,2021-02-12
País Vasco,107460,7900,9100,124460,97787,0.7856901815844448,41483,2021-02-14
Ceuta,4320,400,400,5120,3522,0.687890625,964,2021-02-14
Melilla,3150,400,400,3950,2822,0.7144303797468354,1084,2021-02-14
Totales,2528955,192000,193800,2914755,2561608,0.8788416179061362,1070091,2021-02-14
Andalucía,475110,36300,34500,545910,468983,0.8590848308329212,194477,2021-02-15
Aragón,81045,6300,5400,92745,93512,1.0082699876004098,37628,2021-02-15
Asturias,83975,6300,4200,94475,81941,0.8673299814765811,34140,2021-02-15
Baleares,42480,3200,4800,50480,44573,0.8829833597464343,19025,2021-02-15
Canarias,93570,7000,8900,109470,106747,0.975125605188636,44120,2021-02-15
Cantabria,39345,2900,2400,44645,43214,0.9679471385373504,19000,2021-02-15
Castilla y Leon,177555,13500,9800,200855,190381,0.9478529287296806,80091,2021-02-15
Castilla La Mancha,120375,9200,8300,137875,129772,0.9412293744333636,52826,2021-02-15
Cataluña,410120,31400,31800,473320,416165,0.8792465984957323,166104,2021-02-15
C. Valenciana,207280,15700,20600,243580,224560,0.9219147713276952,95559,2021-02-15
Extremadura,74375,5400,4300,84075,80044,0.952054713053821,32353,2021-02-15
Galicia,128815,9800,11000,149615,137656,0.920068174982455,57383,2021-02-15
La Rioja,19955,1400,1300,22655,21676,0.956786581328625,8523,2021-02-15
Madrid,333375,25400,27700,386475,346408,0.8963270586713241,156682,2021-02-15
Murcia,87305,6600,6200,100105,92527,0.9242994855401828,38970,2021-02-15
Navarra,39345,2900,2700,44945,41235,0.917454666814996,16062,2021-02-15
País Vasco,107460,7900,9100,124460,98289,0.7897236059778242,41758,2021-02-14
Ceuta,4320,400,400,5120,3759,0.7341796875,969,2021-02-15
Melilla,3150,400,400,3950,3070,0.7772151898734178,1252,2021-02-15
Totales,2528955,192000,193800,2914755,2624512,0.9004228485756093,1096922,2021-02-15
Andalucía,568710,36300,74500,679510,485673,0.7147400332592604,198314,2021-02-15
Aragón,96255,6300,11700,114255,96987,0.8488643823027439,39674,2021-02-16
Asturias,98015,6300,9000,113315,83128,0.7336010236950095,34568,2021-02-16
Baleares,49500,3200,10300,63000,45348,0.7198095238095238,19361,2021-02-16
Canarias,111120,7000,19200,137320,109051,0.7941377803670259,45239,2021-02-16
Cantabria,47535,2900,5100,55535,43913,0.7907265688304673,19062,2021-02-16
Castilla y Leon,211485,13500,21100,246085,196196,0.7972692362395107,81422,2021-02-16
Castilla La Mancha,143775,9200,18000,170975,132722,0.7762655358970609,55447,2021-02-16
Cataluña,489680,31400,68600,589680,427525,0.7250118708452041,168254,2021-02-16
C. Valenciana,247060,15700,44500,307260,228180,0.7426283928920133,96040,2021-02-16
Extremadura,88415,5400,9300,103115,82086,0.7960626484992485,33415,2021-02-16
Galicia,153385,9800,23800,186985,138601,0.7412412760381849,57397,2021-02-16
La Rioja,23465,1400,2800,27665,22032,0.7963853244171336,8529,2021-02-16
Madrid,398895,25400,59800,484095,354258,0.7317943792024293,160202,2021-02-16
Murcia,103685,6600,13300,123585,93705,0.7582230853258891,39879,2021-02-16
Navarra,46365,2900,5800,55065,42492,0.7716698447289567,16873,2021-02-16
País Vasco,127350,7900,19600,154850,101147,0.6531934129803035,43281,2021-02-16
Ceuta,4320,400,800,5520,4111,0.7447463768115942,969,2021-02-16
Melilla,3150,400,800,4350,3302,0.759080459770115,1254,2021-02-16
Totales,3012165,192000,418000,3622165,2690457,0.7427759364910212,1119180,2021-02-16
Andalucía,568710,36300,74500,679510,506973,0.746086150314197,202631,2021-02-17
Aragón,96255,6300,11700,114255,101956,0.8923548203579712,40945,2021-02-17
Asturias,98015,6300,9000,113315,85458,0.7541631734545294,35251,2021-02-17
Baleares,49500,3200,10300,63000,46824,0.7432380952380953,19906,2021-02-17
Canarias,111120,7000,19200,137320,111897,0.8148630935042237,46799,2021-02-17
Cantabria,47535,2900,5100,55535,44700,0.8048978121905105,19118,2021-02-17
Castilla y Leon,211485,13500,21100,246085,202462,0.8227319828514538,83192,2021-02-17
Castilla La Mancha,143775,9200,18000,170975,137438,0.8038485158648925,58335,2021-02-17
Cataluña,489680,31400,68600,589680,443181,0.7515618640618641,170429,2021-02-17
C. Valenciana,247060,15700,44500,307260,233828,0.7610102193581982,96724,2021-02-17
Extremadura,88415,5400,9300,103115,85553,0.8296853028172428,35477,2021-02-17
Galicia,153385,9800,23800,186985,142844,0.7639329357969891,57531,2021-02-17
La Rioja,23465,1400,2800,27665,22749,0.8223025483462859,8812,2021-02-17
Madrid,398895,25400,59800,484095,364384,0.7527117611212675,163768,2021-02-17
Murcia,103685,6600,13300,123585,96682,0.7823117692276571,42022,2021-02-17
Navarra,46365,2900,5800,55065,43893,0.7971125034050668,17700,2021-02-17
País Vasco,127350,7900,19600,154850,104091,0.6722053600258314,43642,2021-02-17
Ceuta,4320,400,800,5520,4434,0.8032608695652174,1019,2021-02-17
Melilla,3150,400,800,4350,3404,0.782528735632184,1255,2021-02-17
Totales,3012165,192000,418000,3622165,2782751,0.7682562776681902,1144556,2021-02-17
Andalucía,568710,36300,74500,679510,561803,0.8267766478786184,208721,2021-02-18
Aragón,96255,6300,11700,114255,106629,0.9332545621635816,42429,2021-02-18
Asturias,98015,6300,9000,113315,90123,0.795331597758461,36392,2021-02-18
Baleares,49500,3200,10300,63000,50921,0.8082698412698412,20499,2021-02-18
Canarias,111120,7000,19200,137320,115542,0.8414069327119138,48759,2021-02-18
Cantabria,47535,2900,5100,55535,45835,0.8253353740884127,19376,2021-02-18
Castilla y Leon,211485,13500,21100,246085,208907,0.8489221204055509,84052,2021-02-18
Castilla La Mancha,143775,9200,18000,170975,140140,0.8196519959058342,59845,2021-02-18
Cataluña,489680,31400,68600,589680,465569,0.7895282186948853,176286,2021-02-18
C. Valenciana,247060,15700,44500,307260,254502,0.8282952548330405,97384,2021-02-18
Extremadura,88415,5400,9300,103115,89067,0.8637637589099549,36485,2021-02-18
Galicia,153385,9800,23800,186985,149893,0.8016311468834398,57611,2021-02-18
La Rioja,23465,1400,2800,27665,23349,0.8439906018434845,8848,2021-02-18
Madrid,398895,25400,59800,484095,372775,0.7700451357688057,166475,2021-02-18
Murcia,103685,6600,13300,123585,99781,0.8073876279483756,43159,2021-02-18
Navarra,46365,2900,5800,55065,45364,0.8238263869971851,18445,2021-02-18
País Vasco,127350,7900,19600,154850,107391,0.69351630610268,43919,2021-02-18
Ceuta,4320,400,800,5520,4695,0.8505434782608695,1086,2021-02-18
Melilla,3150,400,800,4350,3725,0.8563218390804598,1255,2021-02-18
Totales,3012165,192000,418000,3622165,2936011,0.8105679890341826,1171026,2021-02-18
Andalucía,568710,36300,74500,679510,607552,0.894103103707083,215070,2021-02-21
Aragón,96255,6300,11700,114255,109318,0.9567896372150017,42860,2021-02-20
Asturias,98015,6300,9000,113315,96325,0.8500639809380929,37645,2021-02-21
Baleares,49500,3200,10300,63000,52721,0.8368412698412698,20549,2021-02-21
Canarias,111120,7000,19200,137320,119426,0.869691232158462,49752,2021-02-21
Cantabria,47535,2900,5100,55535,48023,0.864733951562078,19810,2021-02-20
Castilla y Leon,211485,13500,21100,246085,218252,0.8868968039498547,85608,2021-02-21
Castilla La Mancha,143775,9200,18000,170975,143344,0.8383915777160403,61612,2021-02-21
Cataluña,489680,31400,68600,589680,490411,0.8316561524894859,180096,2021-02-21
C. Valenciana,247060,15700,44500,307260,270007,0.8787574041528348,98606,2021-02-21
Extremadura,88415,5400,9300,103115,92842,0.9003733695388644,37889,2021-02-21
Galicia,153385,9800,23800,186985,163143,0.8724924459181218,57862,2021-02-21
La Rioja,23465,1400,2800,27665,24189,0.8743538767395627,9112,2021-02-19
Madrid,398895,25400,59800,484095,378839,0.7825716026812919,168697,2021-02-21
Murcia,103685,6600,13300,123585,106418,0.8610915564186592,45646,2021-02-21
Navarra,46365,2900,5800,55065,47557,0.8636520475801326,19341,2021-02-21
País Vasco,127350,7900,19600,154850,112681,0.7276783984501131,44558,2021-02-21
Ceuta,4320,400,800,5520,5209,0.943659420289855,1086,2021-02-21
Melilla,3150,400,800,4350,4094,0.9411494252873563,1262,2021-02-20
Totales,3012165,192000,418000,3622165,3090351,0.8531778646196405,1197061,2021-02-21
Andalucía,568710,36300,74500,679510,626659,0.9222218951891804,216617,2021-02-22
Aragón,96255,6300,11700,114255,111067,0.9720975012034484,43705,2021-02-22
Asturias,98015,6300,9000,113315,99545,0.8784803424083307,37949,2021-02-22
Baleares,49500,3200,10300,63000,52801,0.8381111111111111,20560,2021-02-22
Canarias,111120,7000,19200,137320,122304,0.890649577628896,49926,2021-02-22
Cantabria,47535,2900,5100,55535,48935,0.8811560277302602,19854,2021-02-22
Castilla y Leon,211485,13500,21100,246085,223034,0.9063291139240506,86452,2021-02-22
Castilla La Mancha,143775,9200,18000,170975,146212,0.8551659599356631,63205,2021-02-22
Cataluña,489680,31400,68600,589680,504270,0.8551587301587301,181835,2021-02-22
C. Valenciana,247060,15700,44500,307260,273978,0.8916813122437024,99045,2021-02-22
Extremadura,88415,5400,9300,103115,94462,0.9160839839014692,38029,2021-02-22
Galicia,153385,9800,23800,186985,170544,0.9120731609487392,58052,2021-02-22
La Rioja,23465,1400,2800,27665,24905,0.9002349539128863,9193,2021-02-22
Madrid,398895,25400,59800,484095,382180,0.7894731406025677,169765,2021-02-22
Murcia,103685,6600,13300,123585,108290,0.8762390257717361,46777,2021-02-22
Navarra,46365,2900,5800,55065,51816,0.9409970035412694,20090,2021-02-22
País Vasco,127350,7900,19600,154850,114568,0.7398643848886018,44902,2021-02-22
Ceuta,4320,400,800,5520,5526,1.001086956521739,1087,2021-02-22
Melilla,3150,400,800,4350,4095,0.9413793103448276,1262,2021-02-20
Totales,3012165,192000,418000,3622165,3165191,0.8738395407166708,1208305,2021-02-22
Andalucía,662310,36300,144200,842810,653919,0.7758794983448227,218967,2021-02-23
Aragón,112635,6300,22600,141535,115419,0.8154802698979051,44195,2021-02-23
Asturias,112055,6300,17400,135755,104014,0.7661890906412286,38423,2021-02-23
Baleares,56520,3200,19900,79620,54156,0.680180859080633,20576,2021-02-23
Canarias,129840,7000,37100,173940,127794,0.7347016212487064,50067,2021-02-23
Cantabria,55725,2900,9900,68525,51298,0.7486026997446188,19963,2021-02-23
Castilla y Leon,246585,13500,40800,300885,229483,0.7626933878392077,87344,2021-02-23
Castilla La Mancha,167175,9200,34800,211175,150359,0.7120113649816503,64920,2021-02-23
Cataluña,570410,31400,132700,734510,531016,0.7229527167771712,183354,2021-02-23
C. Valenciana,288010,15700,86200,389910,286962,0.7359698391936601,100209,2021-02-23
Extremadura,102455,5400,18100,125955,98839,0.7847167639236236,38366,2021-02-23
Galicia,179125,9800,46100,235025,179141,0.7622210403148602,58239,2021-02-23
La Rioja,28145,1400,5400,34945,25411,0.7271712691372156,9193,2021-02-23
Madrid,464415,25400,115600,605415,385692,0.6370704392854488,170589,2021-02-23
Murcia,121235,6600,25700,153535,110564,0.7201224476503729,48528,2021-02-23
Navarra,55725,2900,11200,69825,53145,0.7611170784103115,20422,2021-02-23
País Vasco,148410,7900,37900,194210,117427,0.6046393079656043,45475,2021-02-23
Ceuta,4320,400,1500,6220,5705,0.9172025723472668,1087,2021-02-23
Melilla,3150,400,1500,5050,4334,0.8582178217821782,1266,2021-02-23
Totales,3508245,192000,808600,4508845,3284678,0.7284965440151524,1221183,2021-02-23
Andalucía,662310,36300,144200,842810,688093,0.8164271899953727,221557,2021-02-24
Aragón,112635,6300,22600,141535,120420,0.8508142862189565,44734,2021-02-24
Asturias,112055,6300,17400,135755,109192,0.8043313321792935,38716,2021-02-24
Baleares,56520,3200,19900,79620,55834,0.7012559658377292,20975,2021-02-24
Canarias,129840,7000,37100,173940,133624,0.7682189260664597,51123,2021-02-24
Cantabria,55725,2900,9900,68525,53706,0.7837431594308647,20018,2021-02-24
Castilla y Leon,246585,13500,40800,300885,236901,0.7873473253900992,88071,2021-02-24
Castilla La Mancha,167175,9200,34800,211175,154252,0.7304463123002249,65766,2021-02-24
Cataluña,570410,31400,132700,734510,572114,0.7789056650011572,184380,2021-02-24
C. Valenciana,288010,15700,86200,389910,301372,0.7729270857377344,100793,2021-02-24
Extremadura,102455,5400,18100,125955,102762,0.8158628081457664,38511,2021-02-24
Galicia,179125,9800,46100,235025,189969,0.8082927348154452,58354,2021-02-24
La Rioja,28145,1400,5400,34945,25917,0.7416511661181857,9204,2021-02-24
Madrid,464415,25400,115600,605415,392366,0.6480942824343632,171359,2021-02-24
Murcia,121235,6600,25700,153535,113949,0.7421695378903833,49356,2021-02-24
Navarra,55725,2900,11200,69825,55427,0.7937987826709632,20842,2021-02-24
País Vasco,148410,7900,37900,194210,119747,0.6165851397971268,45667,2021-02-24
Ceuta,4320,400,1500,6220,5956,0.957556270096463,1090,2021-02-24
Melilla,3150,400,1500,5050,4557,0.9023762376237624,1266,2021-02-24
Totales,3508245,192000,808600,4508845,3436158,0.7620927310652729,1231782,2021-02-24
Andalucía,662310,36300,144200,842810,724385,0.8594879035607076,225068,2021-02-25
Aragón,112635,6300,22600,141535,126328,0.8925566114388667,45931,2021-02-25
Asturias,112055,6300,17400,135755,109192,0.8043313321792935,38716,2021-02-24
Baleares,56520,3200,19900,79620,57292,0.7195679477518212,21124,2021-02-25
Canarias,129840,7000,37100,173940,138557,0.7965792802115672,51231,2021-02-25
Cantabria,55725,2900,9900,68525,56389,0.8228967530098504,20346,2021-02-25
Castilla y Leon,246585,13500,40800,300885,245671,0.8164946740449008,88792,2021-02-25
Castilla La Mancha,167175,9200,34800,211175,160235,0.7587782644725938,66945,2021-02-25
Cataluña,570410,31400,132700,734510,614048,0.8359967869736287,186268,2021-02-25
C. Valenciana,288010,15700,86200,389910,313175,0.8031981739375753,101330,2021-02-25
Extremadura,102455,5400,18100,125955,107200,0.8510976142273035,38608,2021-02-25
Galicia,179125,9800,46100,235025,200432,0.8528114030422296,58689,2021-02-25
La Rioja,28145,1400,5400,34945,26699,0.7640291887251395,9205,2021-02-25
Madrid,464415,25400,115600,605415,417627,0.6898193800946458,171781,2021-02-25
Murcia,121235,6600,25700,153535,117831,0.7674536750578044,49915,2021-02-25
Navarra,55725,2900,11200,69825,57034,0.816813462226996,21274,2021-02-25
País Vasco,148410,7900,37900,194210,122558,0.6310591627619587,46157,2021-02-25
Ceuta,4320,400,1500,6220,6272,1.0083601286173631,1136,2021-02-25
Melilla,3150,400,1500,5050,4710,0.9326732673267328,1267,2021-02-25
Totales,3508245,192000,808600,4508845,3605635,0.7996804059576232,1243783,2021-02-25
Andalucía,662310,36300,144200,842810,769899,0.9134905850666224,228739,2021-02-28
Aragón,112635,6300,22600,141535,130122,0.9193627018052072,46822,2021-02-27
Asturias,112055,6300,17400,135755,117129,0.8627969503885676,39215,2021-02-28
Baleares,56520,3200,19900,79620,61342,0.7704345641798543,21950,2021-02-28
Canarias,129840,7000,37100,173940,146120,0.8400597907324364,51446,2021-02-28
Cantabria,55725,2900,9900,68525,59144,0.8631010580080263,20433,2021-02-27
Castilla y Leon,246585,13500,40800,300885,257479,0.8557389035678084,89946,2021-02-28
Castilla La Mancha,167175,9200,34800,211175,162939,0.7715828104652539,68732,2021-02-28
Cataluña,570410,31400,132700,734510,650327,0.8853888987215968,188109,2021-02-28
C. Valenciana,288010,15700,86200,389910,323505,0.8296914672616758,102016,2021-02-28
Extremadura,102455,5400,18100,125955,111006,0.8813147552697392,39292,2021-02-26
Galicia,179125,9800,46100,235025,217795,0.9266886501436018,58891,2021-02-28
La Rioja,28145,1400,5400,34945,27386,0.7836886535985119,9205,2021-02-26
Madrid,464415,25400,115600,605415,472599,0.7806199053541786,175205,2021-02-28
Murcia,121235,6600,25700,153535,123364,0.8034910606702055,50233,2021-02-28
Navarra,55725,2900,11200,69825,60697,0.8692731829573935,21719,2021-02-28
País Vasco,148410,7900,37900,194210,127629,0.6571700736316358,47492,2021-02-28
Ceuta,4320,400,1500,6220,6273,1.0085209003215434,1136,2021-02-25
Melilla,3150,400,1500,5050,4710,0.9326732673267328,1267,2021-02-25
Totales,3508245,192000,808600,4508845,3829465,0.8493228310132639,1261848,2021-02-28
Andalucía,662310,36300,144200,842810,774701,0.9191881918819188,228829,2021-03-01
Aragón,112635,6300,22600,141535,131441,0.9286819514607694,46898,2021-03-01
Asturias,112055,6300,17400,135755,118737,0.8746418179809216,39435,2021-03-01
Baleares,56520,3200,19900,79620,61659,0.774415975885456,22161,2021-03-01
Canarias,129840,7000,37100,173940,148158,0.8517764746464298,51479,2021-03-01
Cantabria,55725,2900,9900,68525,59968,0.8751258664720905,20584,2021-03-01
Castilla y Leon,246585,13500,40800,300885,263681,0.8763514299483192,90732,2021-03-01
Castilla La Mancha,167175,9200,34800,211175,164826,0.7805185272877945,69232,2021-03-01
Cataluña,570410,31400,132700,734510,657774,0.8955276306653415,188818,2021-03-01
C. Valenciana,288010,15700,86200,389910,323505,0.8296914672616758,102016,2021-02-28
Extremadura,102455,5400,18100,125955,112229,0.8910245722678735,39580,2021-03-01
Galicia,179125,9800,46100,235025,223906,0.952690139346878,58919,2021-03-01
La Rioja,28145,1400,5400,34945,28978,0.8292459579338961,9280,2021-03-01
Madrid,464415,25400,115600,605415,509698,0.8418985324116515,175666,2021-03-01
Murcia,121235,6600,25700,153535,124534,0.8111114729540496,50556,2021-03-01
Navarra,55725,2900,11200,69825,62070,0.8889366272824919,21992,2021-03-01
País Vasco,148410,7900,37900,194210,131551,0.6773647083054426,48052,2021-03-01
Ceuta,4320,400,1500,6220,6334,1.0183279742765274,1195,2021-03-01
Melilla,3150,400,1500,5050,4984,0.9869306930693068,1276,2021-03-01
Totales,3508245,192000,808600,4508845,3908734,0.8669036083520281,1266700,2021-03-01
Andalucía,739530,73300,208600,1021430,796930,0.7802100976082551,233434,2021-03-02
Aragón,130185,12600,32700,175485,134040,0.7638259680314556,47125,2021-03-02
Asturias,128435,12700,25200,166335,121707,0.7316980791775634,41196,2021-03-02
Baleares,65880,6500,28800,101180,62033,0.6130954734137182,22426,2021-03-02
Canarias,148560,14300,53700,216560,157037,0.7251431473956409,53582,2021-03-02
Cantabria,62745,5900,14300,82945,62843,0.7576466333112304,20584,2021-03-02
Castilla y Leon,285195,27300,59000,371495,272552,0.7336626334136395,93024,2021-03-02
Castilla La Mancha,190575,18600,50400,259575,169166,0.6517037465087162,70132,2021-03-02
Cataluña,651140,63400,191900,906440,676590,0.7464255769824809,189899,2021-03-02
C. Valenciana,340660,31700,124700,497060,349392,0.7029171528588098,105717,2021-03-02
Extremadura,115325,10900,26200,152425,116392,0.7636017713629654,40517,2021-03-02
Galicia,222415,19900,66700,309015,233345,0.7551251557367765,59133,2021-03-02
La Rioja,31655,2700,7800,42155,29849,0.7080773336496263,9295,2021-03-02
Madrid,529935,51300,167200,748435,539372,0.7206664573409849,176399,2021-03-02
Murcia,134105,13400,37200,184705,126784,0.686413470128042,51011,2021-03-02
Navarra,62745,5900,16200,84845,63690,0.7506629736578466,22386,2021-03-02
País Vasco,177660,16000,54800,248460,136036,0.5475167028898011,48576,2021-03-02
Ceuta,5490,600,2200,8290,6435,0.7762364294330518,1290,2021-03-01
Melilla,4320,600,2200,7120,5127,0.7200842696629214,1276,2021-03-02
Totales,4026555,387600,1169800,5583955,4059320,0.7269614457852902,1287002,2021-03-02
Andalucía,739530,73300,208600,1021430,834477,0.8169693468960183,238150,2021-03-03
Aragón,130185,12600,32700,175485,141997,0.8091688748326068,47837,2021-03-03
Asturias,128435,12700,25200,166335,124940,0.7511347581687559,42300,2021-03-03
Baleares,65880,6500,28800,101180,73188,0.7233445344929827,23287,2021-03-03
Canarias,148560,14300,53700,216560,162363,0.7497367934983377,54121,2021-03-03
Cantabria,62745,5900,14300,82945,64535,0.7780456929290493,20620,2021-03-03
Castilla y Leon,285195,27300,59000,371495,281825,0.7586239384110149,94983,2021-03-03
Castilla La Mancha,190575,18600,50400,259575,176604,0.6803582779543484,71181,2021-03-03
Cataluña,651140,63400,191900,906440,676590,0.7464255769824809,189899,2021-03-03
C. Valenciana,340660,31700,124700,497060,370712,0.7458093590311029,109409,2021-03-03
Extremadura,115325,10900,26200,152425,121286,0.7957093652616041,41663,2021-03-03
Galicia,222415,19900,66700,309015,244212,0.7902917334109995,62083,2021-03-03
La Rioja,31655,2700,7800,42155,30675,0.7276716878187641,9743,2021-03-03
Madrid,529935,51300,167200,748435,572673,0.7651606351921009,176865,2021-03-03
Murcia,134105,13400,37200,184705,130138,0.7045721555994694,51118,2021-03-03
Navarra,62745,5900,16200,84845,66248,0.7808120690671224,22894,2021-03-03
País Vasco,177660,16000,54800,248460,144966,0.5834581019077517,50194,2021-03-03
Ceuta,5490,600,2200,8290,6435,0.7762364294330518,1290,2021-03-01
Melilla,4320,600,2200,7120,5228,0.7342696629213483,1276,2021-03-03
Totales,4026555,387600,1169800,5583955,4229092,0.7573649859284325,1308913,2021-03-03
Andalucía,739530,73300,208600,1021430,878194,0.8597691471760179,244049,2021-03-04
Aragón,130185,12600,32700,175485,150631,0.8583696612246061,49532,2021-03-04
Asturias,128435,12700,25200,166335,128729,0.773914089037184,43690,2021-03-04
Baleares,65880,6500,28800,101180,74598,0.7372800948804111,23934,2021-03-04
Canarias,148560,14300,53700,216560,167802,0.7748522349464352,54601,2021-03-04
Cantabria,62745,5900,14300,82945,66555,0.8023991801796371,20759,2021-03-04
Castilla y Leon,285195,27300,59000,371495,293772,0.7907831868531205,97774,2021-03-04
Castilla La Mancha,190575,18600,50400,259575,195716,0.7539863237985168,71960,2021-03-04
Cataluña,651140,63400,191900,906440,734794,0.8106372181280614,192984,2021-03-04
C. Valenciana,340660,31700,124700,497060,394016,0.7926930350460709,113075,2021-03-04
Extremadura,115325,10900,26200,152425,125191,0.8213285222240446,43176,2021-03-04
Galicia,222415,19900,66700,309015,255614,0.8271896186269275,68562,2021-03-04
La Rioja,31655,2700,7800,42155,33316,0.7903214328074961,10329,2021-03-04
Madrid,529935,51300,167200,748435,598738,0.7999866387862673,177916,2021-03-04
Murcia,134105,13400,37200,184705,137200,0.742806096207466,51169,2021-03-04
Navarra,62745,5900,16200,84845,68249,0.804396251988921,23670,2021-03-04
País Vasco,177660,16000,54800,248460,155955,0.6276865491427192,52452,2021-03-04
Ceuta,5490,600,2200,8290,7104,0.8569360675512666,1577,2021-03-01
Melilla,4320,600,2200,7120,5403,0.7588483146067416,1276,2021-03-04
Totales,4026555,387600,1169800,5583955,4471577,0.8007903000650972,1342485,2021-03-04
Andalucía,739530,73300,208600,1021430,933763,0.914172287870926,255704,2021-03-07
Aragón,130185,12600,32700,175485,153194,0.8729748981394421,50190,2021-03-06
Asturias,128435,12700,25200,166335,133011,0.7996573180629453,44596,2021-03-07
Baleares,65880,6500,28800,101180,84205,0.8322296896619885,24425,2021-03-07
Canarias,148560,14300,53700,216560,175271,0.8093415219800517,54926,2021-03-07
Cantabria,62745,5900,14300,82945,68014,0.8199891494363735,21002,2021-03-05
Castilla y Leon,285195,27300,59000,371495,306277,0.8244444743536252,99651,2021-03-07
Castilla La Mancha,190575,18600,50400,259575,201466,0.7761379177501685,72611,2021-03-07
Cataluña,651140,63400,191900,906440,774027,0.8539197299324831,202956,2021-03-07
C. Valenciana,340660,31700,124700,497060,394021,0.7927030941938599,113077,2021-03-04
Extremadura,115325,10900,26200,152425,129802,0.8515794653108086,45432,2021-03-07
Galicia,222415,19900,66700,309015,270942,0.8767923887189942,75257,2021-03-07
La Rioja,31655,2700,7800,42155,34780,0.8250504092041276,10988,2021-03-07
Madrid,529935,51300,167200,748435,643424,0.8596925584720116,179265,2021-03-07
Murcia,134105,13400,37200,184705,147188,0.7968815137651931,51349,2021-03-07
Navarra,62745,5900,16200,84845,73784,0.8696328599210325,24241,2021-03-07
País Vasco,177660,16000,54800,248460,175424,0.7060452386702085,54348,2021-03-07
Ceuta,5490,600,2200,8290,7634,0.9208685162846804,1818,2021-03-05
Melilla,4320,600,2200,7120,5964,0.8376404494382023,1652,2021-03-06
Totales,4026555,387600,1169800,5583955,4712191,0.8438805470316291,1383488,2021-03-07
Andalucía,739530,73300,208600,1021430,951168,0.9312121241788474,263111,2021-03-08
Aragón,130185,12600,32700,175485,155770,0.8876542154600108,50418,2021-03-08
Asturias,128435,12700,25200,166335,136277,0.819292391859801,44999,2021-03-08
Baleares,65880,6500,28800,101180,86720,0.8570863807076498,24685,2021-03-08
Canarias,148560,14300,53700,216560,180030,0.8313169560398965,55962,2021-03-08
Cantabria,62745,5900,14300,82945,68512,0.8259931279763699,21219,2021-03-08
Castilla y Leon,285195,27300,59000,371495,314360,0.8462025060902569,102339,2021-03-08
Castilla La Mancha,190575,18600,50400,259575,205143,0.7903033805258596,73053,2021-03-08
Cataluña,651140,63400,191900,906440,789183,0.8706400864922113,207196,2021-03-08
C. Valenciana,340660,31700,124700,497060,426373,0.857789804047801,120409,2021-03-08
Extremadura,115325,10900,26200,152425,131804,0.8647137936690176,46053,2021-03-08
Galicia,222415,19900,66700,309015,278771,0.9021277284274226,76289,2021-03-08
La Rioja,31655,2700,7800,42155,36734,0.8714031550231289,11320,2021-03-08
Madrid,529935,51300,167200,748435,668040,0.8925825221963163,180557,2021-03-08
Murcia,134105,13400,37200,184705,149364,0.8086624617633523,51447,2021-03-08
Navarra,62745,5900,16200,84845,74287,0.8755613176969769,24646,2021-03-08
País Vasco,177660,16000,54800,248460,181629,0.7310190775175078,54456,2021-03-08
Ceuta,5490,600,2200,8290,8177,0.9863691194209891,2360,2021-03-08
Melilla,4320,600,2200,7120,6306,0.8856741573033707,1717,2021-03-08
Totales,4026555,387600,1169800,5583955,4848648,0.8683178857995811,1412236,2021-03-08
Andalucía,820260,73300,303300,1196860,971691,0.8118668850157913,275060,2021-03-09
Aragón,147735,12600,47600,207935,158422,0.7618823189939163,51485,2021-03-09
Asturias,144815,12700,36600,194115,140785,0.7252659505962961,45877,2021-03-09
Baleares,76410,6500,41900,124810,89104,0.7139171540741928,24786,2021-03-09
Canarias,167280,14300,78000,259580,186871,0.7198975267740195,57004,2021-03-09
Cantabria,70935,5900,20800,97635,70233,0.7193424489168844,21681,2021-03-09
Castilla y Leon,324975,27300,85800,438075,325296,0.742557781201849,105946,2021-03-09
Castilla La Mancha,215145,18600,73300,307045,212233,0.6912113859531991,73939,2021-03-09
Cataluña,735380,63400,278900,1077680,809732,0.7513658971123154,212427,2021-03-09
C. Valenciana,395650,31700,181300,608650,436903,0.7178230510145404,124344,2021-03-09
Extremadura,129365,10900,38100,178365,135670,0.7606312897709753,47250,2021-03-09
Galicia,268045,19900,96900,384845,289261,0.7516298769634528,77121,2021-03-09
La Rioja,36335,2700,11400,50435,38243,0.7582631109348666,11595,2021-03-09
Madrid,598965,51300,243100,893365,694100,0.7769500707997291,183217,2021-03-09
Murcia,148145,13400,54100,215645,151449,0.7023070323911985,51633,2021-03-09
Navarra,69765,5900,23600,99265,74743,0.7529642875132222,24805,2021-03-09
País Vasco,208080,16000,79600,303680,189949,0.6254906480505795,55272,2021-03-09
Ceuta,5490,600,3100,9190,8262,0.8990206746463547,2443,2021-03-09
Melilla,4320,600,3100,8020,6558,0.8177057356608479,1953,2021-03-09
Totales,4567095,387600,1700500,6655195,4989505,0.7497158235032932,1447838,2021-03-09
Andalucía,820260,73300,303300,1196860,1000998,0.8363534582156643,292741,2021-03-10
Aragón,147735,12600,47600,207935,166351,0.8000144275855435,53228,2021-03-10
Asturias,144815,12700,36600,194115,145833,0.7512711536975504,48210,2021-03-10
Baleares,76410,6500,41900,124810,95435,0.7646422562294688,26495,2021-03-10
Canarias,167280,14300,78000,259580,194364,0.7487633870097851,58482,2021-03-10
Cantabria,70935,5900,20800,97635,72537,0.7429405438623444,22624,2021-03-10
Castilla y Leon,324975,27300,85800,438075,339992,0.7761045483079382,110038,2021-03-10
Castilla La Mancha,215145,18600,73300,307045,223931,0.7293100359882102,76016,2021-03-10
Cataluña,735380,63400,278900,1077680,835931,0.7756764531215203,218613,2021-03-10
C. Valenciana,395650,31700,181300,608650,448396,0.7367058243653989,130387,2021-03-10
Extremadura,129365,10900,38100,178365,140186,0.7859501583830909,48662,2021-03-10
Galicia,268045,19900,96900,384845,299544,0.7783497252140472,79330,2021-03-10
La Rioja,36335,2700,11400,50435,40431,0.8016456825617131,12357,2021-03-10
Madrid,598965,51300,243100,893365,720674,0.8066960312973981,186482,2021-03-10
Murcia,148145,13400,54100,215645,156345,0.7250110134712142,52332,2021-03-10
Navarra,69765,5900,23600,99265,75059,0.7561476854883393,24831,2021-03-10
País Vasco,208080,16000,79600,303680,200677,0.6608173076923077,57875,2021-03-10
Ceuta,5490,600,3100,9190,8571,0.9326441784548424,2533,2021-03-10
Melilla,4320,600,3100,8020,6851,0.8542394014962593,2022,2021-03-10
Totales,4567095,387600,1700500,6655195,5172106,0.7771531863454039,1503258,2021-03-10
Andalucía,820260,73300,303300,1196860,1098755,0.918031348695754,356888,2021-03-14
Aragón,147735,12600,47600,207935,180393,0.8675451463197634,58473,2021-03-13
Asturias,144815,12700,36600,194115,163493,0.8422481518687376,56507,2021-03-14
Baleares,76410,6500,41900,124810,108484,0.8691931736239084,31152,2021-03-14
Canarias,167280,14300,78000,259580,215260,0.8292626550581709,63662,2021-03-14
Cantabria,70935,5900,20800,97635,77788,0.7967224868131305,25052,2021-03-12
Castilla y Leon,324975,27300,85800,438075,370986,0.8468549905838041,121726,2021-03-14
Castilla La Mancha,215145,18600,73300,307045,236652,0.7707404452116139,79440,2021-03-14
Cataluña,735380,63400,278900,1077680,887751,0.8237612278227303,242309,2021-03-14
C. Valenciana,395650,31700,181300,608650,480454,0.789376488950957,153418,2021-03-14
Extremadura,129365,10900,38100,178365,148614,0.833201581027668,52819,2021-03-14
Galicia,268045,19900,96900,384845,338334,0.879143551299874,89140,2021-03-14
La Rioja,36335,2700,11400,50435,45403,0.9002280162585506,13182,2021-03-13
Madrid,598965,51300,243100,893365,779306,0.8723265406636705,195455,2021-03-14
Murcia,148145,13400,54100,215645,177134,0.8214148252915672,57603,2021-03-14
Navarra,69765,5900,23600,99265,84981,0.8561023522893265,27530,2021-03-14
País Vasco,208080,16000,79600,303680,234455,0.7720462328767124,64502,2021-03-14
Ceuta,5490,600,3100,9190,9278,1.009575625680087,2533,2021-03-12
Melilla,4320,600,3100,8020,7374,0.9194513715710724,2283,2021-03-12
Totales,4567095,387600,1700500,6655195,5644895,0.8481937794459816,1693674,2021-03-14
Andalucía,820260,73300,303300,1196860,1113414,0.9302792306535436,363191,2021-03-15
Aragón,147735,12600,47600,207935,182899,0.8795969894438166,58794,2021-03-15
Asturias,144815,12700,36600,194115,166072,0.8555340906163872,58343,2021-03-15
Baleares,76410,6500,41900,124810,110608,0.8862110407819886,31322,2021-03-15
Canarias,167280,14300,78000,259580,219594,0.8459588566145312,65658,2021-03-15
Cantabria,70935,5900,20800,97635,79283,0.8120346187330363,25897,2021-03-15
Castilla y Leon,324975,27300,85800,438075,380228,0.8679518347314957,124889,2021-03-15
Castilla La Mancha,215145,18600,73300,307045,239085,0.7786643651582016,80114,2021-03-15
Cataluña,735380,63400,278900,1077680,899255,0.8344360106896296,246018,2021-03-15
C. Valenciana,395650,31700,181300,608650,486767,0.7997486240039432,154732,2021-03-15
Extremadura,129365,10900,38100,178365,151027,0.8467300199030079,53832,2021-03-15
Galicia,268045,19900,96900,384845,350571,0.9109407683612885,95809,2021-03-15
La Rioja,36335,2700,11400,50435,46881,0.92953306235749,14058,2021-03-15
Madrid,598965,51300,243100,893365,792291,0.8868614731940472,199142,2021-03-15
Murcia,148145,13400,54100,215645,180650,0.8377193999397158,57981,2021-03-15
Navarra,69765,5900,23600,99265,86471,0.8711126781846572,28229,2021-03-15
País Vasco,208080,16000,79600,303680,240162,0.7908390410958904,65625,2021-03-15
Ceuta,5490,600,3100,9190,9278,1.009575625680087,2533,2021-03-12
Melilla,4320,600,3100,8020,7682,0.95785536159601,2370,2021-03-15
Totales,4567095,387600,1700500,6655195,5742218,0.8628173930290547,1728537,2021-03-15
Andalucía,899820,111200,343800,1354820,1135990,0.8384803885386989,383206,2021-03-16
Aragón,165285,21700,54000,240985,188111,0.7805921530385709,62676,2021-03-16
Asturias,161195,20700,41500,223395,171655,0.768392309586159,63411,2021-03-16
Baleares,86940,11100,47500,145540,112889,0.7756561769960149,31581,2021-03-16
Canarias,186000,22900,88400,297300,223811,0.752811974436596,69334,2021-03-16
Cantabria,79125,9700,23600,112425,81573,0.7255770513675784,28065,2021-03-16
Castilla y Leon,364755,47700,97300,509755,389307,0.7637139410108778,129760,2021-03-16
Castilla La Mancha,239715,31000,83100,353815,245270,0.693215380919407,82563,2021-03-16
Cataluña,819620,105400,316100,1241120,915213,0.737408953203558,260858,2021-03-16
C. Valenciana,450640,57800,205400,713840,486769,0.6819021069147148,154732,2021-03-16
Extremadura,143405,17800,43200,204405,156742,0.7668207724859959,57469,2021-03-16
Galicia,313675,41400,109800,464875,360302,0.7750513578919064,102070,2021-03-16
La Rioja,41015,4800,12900,58715,47744,0.8131482585370008,14619,2021-03-16
Madrid,667995,85200,275500,1028695,803199,0.7807941129294883,203552,2021-03-16
Murcia,162185,19800,61300,243285,185005,0.7604455679552787,58598,2021-03-16
Navarra,76785,9700,26800,113285,87756,0.7746480116520281,28816,2021-03-16
País Vasco,238500,30800,90200,359500,248786,0.6920333796940195,68401,2021-03-16
Ceuta,5490,900,3500,9890,9278,0.9381193124368048,2533,2021-03-12
Melilla,4320,800,3500,8620,7685,0.8915313225058005,2371,2021-03-15
Totales,5106465,650400,1927400,7684265,5857085,0.7622179870163249,1804615,2021-03-16
Andalucía,899820,111200,343800,1354820,1163449,0.8587480255679721,406759,2021-03-17
Aragón,165285,21700,54000,240985,194938,0.8089217171193228,66924,2021-03-17
Asturias,161195,20700,41500,223395,177134,0.7929183732849885,68103,2021-03-17
Baleares,86940,11100,47500,145540,117035,0.8041431908753607,32845,2021-03-17
Canarias,186000,22900,88400,297300,228382,0.7681870164816683,73061,2021-03-17
Cantabria,79125,9700,23600,112425,85106,0.7570024460751612,31378,2021-03-17
Castilla y Leon,364755,47700,97300,509755,389307,0.7637139410108778,129760,2021-03-16
Castilla La Mancha,239715,31000,83100,353815,254487,0.7192657179599509,86593,2021-03-17
Cataluña,819620,105400,316100,1241120,915213,0.737408953203558,260858,2021-03-16
C. Valenciana,450640,57800,205400,713840,530413,0.7430418581194665,176797,2021-03-17
Extremadura,143405,17800,43200,204405,156742,0.7668207724859959,57469,2021-03-16
Galicia,313675,41400,109800,464875,370076,0.7960763646141436,108250,2021-03-17
La Rioja,41015,4800,12900,58715,48465,0.8254279145022566,15104,2021-03-17
Madrid,667995,85200,275500,1028695,814603,0.7918800033051585,210252,2021-03-17
Murcia,162185,19800,61300,243285,185005,0.7604455679552787,58598,2021-03-16
Navarra,76785,9700,26800,113285,90919,0.8025687425519707,29319,2021-03-17
País Vasco,238500,30800,90200,359500,254750,0.7086230876216968,69823,2021-03-17
Ceuta,5490,900,3500,9890,9424,0.952881698685541,2541,2021-03-17
Melilla,4320,800,3500,8620,7915,0.918213457076566,2379,2021-03-17
Totales,5106465,650400,1927400,7684265,5993363,0.77995266951361,1886813,2021-03-17
